Mean,Std,t-stat,Sharpe,N,Annualization
0.0012168724689828273,0.02780025198393696,1.1219642475079492,0.6948588664742993,657,252
