Mean,Std,t-stat,Sharpe,N,Annualization
0.0030749379186509112,0.0298375253931357,1.1840240284785253,1.6359642944621333,132,252
