Mean,Std,t-stat,Sharpe,N,Annualization
-0.006001355545926045,0.03578287137095092,-1.926908689933031,-2.662406961005706,132,252
