Mean,Std,t-stat,Sharpe,N,Annualization
0.001425764181543307,0.023635874212012402,1.5461752416402488,0.9575827199156424,657,252
