Mean,Std,t-stat,Sharpe,N,Annualization
-0.002207376179177116,0.021763173574937848,-0.765758019241243,-1.6101057320415955,57,252
