Mean,Std,t-stat,Sharpe,N,Annualization
0.0009619455380902619,0.03525594274643856,1.2648422382927982,0.43313015684406364,2149,252
